{
    "$schema": "https://schema.management.azure.com/schemas/2015-01-01/deploymentParameters.json#",
    "contentVersion": "1.0.0.0",
    "parameters": {
        "accounts_iotdla4c41eb1d_defaultDataLakeStoreAccount": {
            "value": null
        },
        "accounts_iotdla4c41eb1d_dataLakeStoreAccounts": {
            "value": null
        },
        "sites_iot_app_4C41EB1D_name": {
            "value": null
        },
        "servers_iot_ss_4c41eb1d_name": {
            "value": null
        },
        "sites_iot_func_4C41EB1D_name": {
            "value": null
        },
        "IotHubs_iot_hub_4C41EB1D_name": {
            "value": null
        },
        "serverfarms_SoutheastAsiaPlan_name": {
            "value": null
        },
        "workflows_iot_logic_4C41EB1D_name": {
            "value": null
        },
        "serverfarms_iot_appsp_4C41EB1D_name": {
            "value": null
        },
        "components_iot_app_4C41EB1D_name": {
            "value": null
        },
        "accounts_iotdls4c41eb1d_name": {
            "value": null
        },
        "components_iot_func_4C41EB1D_name": {
            "value": null
        },
        "storageAccounts_iotblob4c41eb1d_name": {
            "value": null
        },
        "accounts_iotdla4c41eb1d_name": {
            "value": null
        },
        "storageAccounts_iotfunc4c41eb1d80e1_name": {
            "value": null
        },
        "provisioningServices_iot_dps_4C41EB1D_name": {
            "value": null
        },
        "streamingjobs_iot_asa_4C41EB1D_name": {
            "value": null
        },
        "databaseAccounts_iot_cosmos_4c41eb1d_name": {
            "value": null
        },
        "environments_iot_tsi_4C41EB1D_name": {
            "value": null
        },
        "alertrules_Failure_Anomalies___iot_app_4C41EB1D_name": {
            "value": null
        },
        "alertrules_Failure_Anomalies___iot_func_4C41EB1D_name": {
            "value": null
        }
    }
}